-- MySQL dump 10.13  Distrib 5.7.17, for Win64 (x86_64)
--
-- Host: 192.168.0.35    Database: myhomeai
-- ------------------------------------------------------
-- Server version	5.5.58-0+deb7u1

/*!40101 SET @OLD_CHARACTER_SET_CLIENT=@@CHARACTER_SET_CLIENT */;
/*!40101 SET @OLD_CHARACTER_SET_RESULTS=@@CHARACTER_SET_RESULTS */;
/*!40101 SET @OLD_COLLATION_CONNECTION=@@COLLATION_CONNECTION */;
/*!40101 SET NAMES utf8 */;
/*!40103 SET @OLD_TIME_ZONE=@@TIME_ZONE */;
/*!40103 SET TIME_ZONE='+00:00' */;
/*!40014 SET @OLD_UNIQUE_CHECKS=@@UNIQUE_CHECKS, UNIQUE_CHECKS=0 */;
/*!40014 SET @OLD_FOREIGN_KEY_CHECKS=@@FOREIGN_KEY_CHECKS, FOREIGN_KEY_CHECKS=0 */;
/*!40101 SET @OLD_SQL_MODE=@@SQL_MODE, SQL_MODE='NO_AUTO_VALUE_ON_ZERO' */;
/*!40111 SET @OLD_SQL_NOTES=@@SQL_NOTES, SQL_NOTES=0 */;

--
-- Table structure for table `action_cmd`
--

DROP TABLE IF EXISTS `action_cmd`;
/*!40101 SET @saved_cs_client     = @@character_set_client */;
/*!40101 SET character_set_client = utf8 */;
CREATE TABLE `action_cmd` (
  `action_seq` int(11) NOT NULL,
  `cmd_seq` int(11) NOT NULL,
  `dev_id` varchar(80) NOT NULL,
  `cmd_type` varchar(3) NOT NULL COMMENT 'FIX - payload 데이터를 전송\nIR - 리모컨 키 코드 조합, IR_RAW 테이블에 raw 데이터 저장, 콤마로 키 구분',
  `cmd_payload` varchar(1024) NOT NULL,
  PRIMARY KEY (`action_seq`,`cmd_seq`)
) ENGINE=InnoDB DEFAULT CHARSET=utf8;
/*!40101 SET character_set_client = @saved_cs_client */;

--
-- Dumping data for table `action_cmd`
--

LOCK TABLES `action_cmd` WRITE;
/*!40000 ALTER TABLE `action_cmd` DISABLE KEYS */;
INSERT INTO `action_cmd` VALUES (1,1,'TV_POWER','DIR','{\"cntr\":\"ON\"}'),(1,2,'IR_TRANSMITTER','IR','TV_POWER,IPTV_POWER'),(2,1,'TV_POWER','DIR','{\"cntr\":\"OFF\"}'),(2,2,'IR_TRANSMITTER','IR','TV_POWER,IPTV_POWER'),(3,1,'IR_TRANSMITTER','PGM',''),(4,1,'IR_TRANSMITTER','IR','IPTV_1,IPTV_1'),(5,1,'IR_TRANSMITTER','IR','IPTV_5'),(6,1,'IR_TRANSMITTER','IR','IPTV_9'),(7,1,'IR_TRANSMITTER','IR','IPTV_7'),(8,1,'IR_TRANSMITTER','IR','TV_VOL_UP'),(9,1,'IR_TRANSMITTER','IR','TV_VOL_DOWN');
/*!40000 ALTER TABLE `action_cmd` ENABLE KEYS */;
UNLOCK TABLES;

--
-- Table structure for table `action_cond_map`
--

DROP TABLE IF EXISTS `action_cond_map`;
/*!40101 SET @saved_cs_client     = @@character_set_client */;
/*!40101 SET character_set_client = utf8 */;
CREATE TABLE `action_cond_map` (
  `action_val` varchar(80) NOT NULL,
  `target_val` varchar(80) NOT NULL,
  `action_id` varchar(80) NOT NULL,
  PRIMARY KEY (`action_val`,`target_val`)
) ENGINE=InnoDB DEFAULT CHARSET=utf8;
/*!40101 SET character_set_client = @saved_cs_client */;

--
-- Dumping data for table `action_cond_map`
--

LOCK TABLES `action_cond_map` WRITE;
/*!40000 ALTER TABLE `action_cond_map` DISABLE KEYS */;
INSERT INTO `action_cond_map` VALUES ('down','volumn','TV_VOLUMN_DOWN'),('play','KBS1','PRESET_KBS1'),('play','KBS2','PRESET_KBS2'),('play','MBC','PRESET_MBC'),('play','SBS','PRESET_SBS'),('play','tv','CHANGE_CHANNEL'),('turnoff','tv','POWER_OFF_TV'),('turnon','tv','POWER_ON_TV'),('up','volumn','TV_VOLUMN_UP');
/*!40000 ALTER TABLE `action_cond_map` ENABLE KEYS */;
UNLOCK TABLES;

--
-- Table structure for table `action_def`
--

DROP TABLE IF EXISTS `action_def`;
/*!40101 SET @saved_cs_client     = @@character_set_client */;
/*!40101 SET character_set_client = utf8 */;
CREATE TABLE `action_def` (
  `action_id` varchar(80) NOT NULL,
  `action_seq` int(11) NOT NULL,
  `action_nm` varchar(128) NOT NULL,
  `action_desc` varchar(256) DEFAULT NULL,
  PRIMARY KEY (`action_id`)
) ENGINE=InnoDB DEFAULT CHARSET=utf8;
/*!40101 SET character_set_client = @saved_cs_client */;

--
-- Dumping data for table `action_def`
--

LOCK TABLES `action_def` WRITE;
/*!40000 ALTER TABLE `action_def` DISABLE KEYS */;
INSERT INTO `action_def` VALUES ('CHANGE_CHANNEL',3,'채널 변경','케이블 TV 채널 변경'),('POWER_OFF_TV',2,'TV전원 끄기','TV(케이블 TV) 전원 제어'),('POWER_ON_TV',1,'TV전원 켜기','TV(케이블 TV) 전원 제어'),('PRESET_KBS1',6,'KBS1','KBS1'),('PRESET_KBS2',7,'KBS2','KBS2'),('PRESET_MBC',4,'MBC','MBC'),('PRESET_SBS',5,'SBS','SBS'),('TV_VOLUMN_DOWN',9,'TV 소리 줄이기','TV 소리 줄이기'),('TV_VOLUMN_UP',8,'TV 소리 키우기','TV 소리 키우기');
/*!40000 ALTER TABLE `action_def` ENABLE KEYS */;
UNLOCK TABLES;

--
-- Table structure for table `com_code`
--

DROP TABLE IF EXISTS `com_code`;
/*!40101 SET @saved_cs_client     = @@character_set_client */;
/*!40101 SET character_set_client = utf8 */;
CREATE TABLE `com_code` (
  `com_cd` varchar(40) NOT NULL COMMENT '공통코드',
  `com_cd_desc` varchar(80) DEFAULT NULL COMMENT '공통코드 설명',
  `reg_dtm` varchar(14) NOT NULL COMMENT '최초 등록일',
  `reg_uid` varchar(40) NOT NULL COMMENT '최초 등록 사용자',
  `lst_upd_dtm` varchar(14) DEFAULT NULL COMMENT '최종 변경일',
  `lst_upd_uid` varchar(40) DEFAULT NULL COMMENT '최종 변경 사용자',
  PRIMARY KEY (`com_cd`)
) ENGINE=InnoDB DEFAULT CHARSET=utf8 COMMENT='공통코드';
/*!40101 SET character_set_client = @saved_cs_client */;

--
-- Dumping data for table `com_code`
--

LOCK TABLES `com_code` WRITE;
/*!40000 ALTER TABLE `com_code` DISABLE KEYS */;
INSERT INTO `com_code` VALUES ('CM0001','WIFI  연결정보','20180128132800','choies',NULL,NULL),('CM0002','MQTT Broker 정보','20180128132800','choies',NULL,NULL);
/*!40000 ALTER TABLE `com_code` ENABLE KEYS */;
UNLOCK TABLES;

--
-- Table structure for table `com_code_dtl`
--

DROP TABLE IF EXISTS `com_code_dtl`;
/*!40101 SET @saved_cs_client     = @@character_set_client */;
/*!40101 SET character_set_client = utf8 */;
CREATE TABLE `com_code_dtl` (
  `com_cd` varchar(40) NOT NULL COMMENT '공통코드',
  `cd_id` varchar(80) NOT NULL COMMENT '코드 ID',
  `cd_val` varchar(256) NOT NULL COMMENT '코드 값',
  `cd_id_desc` varchar(200) DEFAULT NULL,
  `cd_id_seq` int(11) NOT NULL,
  `use_yn` char(1) NOT NULL DEFAULT 'Y' COMMENT '사용여부',
  `reg_dtm` varchar(14) NOT NULL COMMENT '최초 등록일',
  `reg_uid` varchar(40) NOT NULL COMMENT '최초 등록 사용자',
  `lst_upd_dtm` varchar(14) DEFAULT NULL COMMENT '최종 변경일',
  `lst_upd_uid` varchar(40) DEFAULT NULL COMMENT '최종 변경 사용자',
  PRIMARY KEY (`com_cd`,`cd_id`)
) ENGINE=InnoDB DEFAULT CHARSET=utf8 COMMENT='공통코드 상세';
/*!40101 SET character_set_client = @saved_cs_client */;

--
-- Dumping data for table `com_code_dtl`
--

LOCK TABLES `com_code_dtl` WRITE;
/*!40000 ALTER TABLE `com_code_dtl` DISABLE KEYS */;
INSERT INTO `com_code_dtl` VALUES ('CM0001','PWD','1234567890','WIFI 비밀번호',1,'Y','20180127133300','choies',NULL,NULL),('CM0001','SSID','HOMEAI','WIFI SSID',2,'Y','20180127133300','choies',NULL,NULL),('CM0002','PASSWORD','homeai','MQTT PASSWORD',4,'Y','20180127133300','choies',NULL,NULL),('CM0002','PORT','1883','MQTT PORT',2,'Y','20180127133300','choies',NULL,NULL),('CM0002','SERVER','192.168.0.35','MQTT SERVER',1,'Y','20180127133300','choies',NULL,NULL),('CM0002','USERNAME','homeai','MQTT USER',3,'Y','20180127133300','choies',NULL,NULL);
/*!40000 ALTER TABLE `com_code_dtl` ENABLE KEYS */;
UNLOCK TABLES;

--
-- Table structure for table `dev_mgmt`
--

DROP TABLE IF EXISTS `dev_mgmt`;
/*!40101 SET @saved_cs_client     = @@character_set_client */;
/*!40101 SET character_set_client = utf8 */;
CREATE TABLE `dev_mgmt` (
  `dev_id` varchar(80) NOT NULL COMMENT '디바이스 ID',
  `dev_nm` varchar(255) NOT NULL,
  `pub_topic` varchar(128) DEFAULT NULL,
  `sub_topic` varchar(128) DEFAULT NULL,
  `lst_con_dtm` varchar(14) DEFAULT NULL,
  `lst_upd_dtm` varchar(14) DEFAULT NULL,
  PRIMARY KEY (`dev_id`)
) ENGINE=InnoDB DEFAULT CHARSET=utf8 COMMENT='디바이스';
/*!40101 SET character_set_client = @saved_cs_client */;

--
-- Dumping data for table `dev_mgmt`
--

LOCK TABLES `dev_mgmt` WRITE;
/*!40000 ALTER TABLE `dev_mgmt` DISABLE KEYS */;
INSERT INTO `dev_mgmt` VALUES ('IR_TRANSMITTER','리모컨','home/ir/evt/status','home/ir/cmd/control',NULL,NULL),('TV_POWER','TV 파워','home/pow/evt/status','home/pow/cmd/control',NULL,NULL);
/*!40000 ALTER TABLE `dev_mgmt` ENABLE KEYS */;
UNLOCK TABLES;

--
-- Table structure for table `ir_raw`
--

DROP TABLE IF EXISTS `ir_raw`;
/*!40101 SET @saved_cs_client     = @@character_set_client */;
/*!40101 SET character_set_client = utf8 */;
CREATE TABLE `ir_raw` (
  `rcntr_key` varchar(80) NOT NULL,
  `rcntr_type` varchar(80) NOT NULL,
  `rcntr_val` varchar(20) NOT NULL,
  `raw_data_len` int(11) NOT NULL,
  `raw_data` varchar(1024) NOT NULL,
  PRIMARY KEY (`rcntr_key`)
) ENGINE=InnoDB DEFAULT CHARSET=utf8 COMMENT='리모컨 키 값';
/*!40101 SET character_set_client = @saved_cs_client */;

--
-- Dumping data for table `ir_raw`
--

LOCK TABLES `ir_raw` WRITE;
/*!40000 ALTER TABLE `ir_raw` DISABLE KEYS */;
INSERT INTO `ir_raw` VALUES ('AIR_18','UNKNOWN','D0AE2562',59,'3132,9770,532,1534,510,540,486,540,488,526,510,1560,508,540,514,498,538,496,538,512,516,512,514,520,512,524,512,1558,510,524,508,526,508,528,508,546,480,530,506,1556,506,1582,482,528,506,546,482,530,504,528,506,1574,482,546,480,1582,480,1574,480'),('AIR_19','UNKNOWN','670550B3',59,'3134,9824,534,1542,510,540,486,526,508,540,488,1552,510,540,488,526,508,532,538,512,514,520,514,514,512,524,510,1552,510,542,484,526,506,554,482,554,482,1582,482,554,482,546,480,554,482,552,482,546,482,554,482,1574,482,1582,480,536,506,554,482'),('AIR_20','UNKNOWN','B06B0B28',59,'3158,9812,510,1542,510,548,486,548,486,548,486,1568,512,538,488,538,488,546,514,514,514,498,536,522,512,522,512,1552,510,550,484,526,508,552,482,546,480,1582,482,528,506,1582,482,554,482,554,480,554,480,554,480,1590,480,1574,480,554,480,1598,480'),('AIR_21','UNKNOWN','9F02EBCB',59,'3160,9824,532,1542,510,542,486,524,512,540,486,1552,510,540,488,526,510,532,538,510,516,520,516,512,514,522,512,1552,510,542,484,526,508,554,480,554,480,1582,482,1588,480,546,480,546,480,546,480,554,482,546,480,1582,482,1598,480,1564,506,554,480'),('AIR_22','UNKNOWN','BAF71688',59,'3134,9818,508,1534,510,540,486,540,486,526,510,1560,510,540,488,526,510,526,536,512,514,514,514,520,514,522,512,1552,510,524,508,552,482,536,506,528,506,1564,506,1590,480,1582,480,546,480,554,480,554,482,546,480,1582,480,1598,480,1590,480,1582,480'),('AIR_23','UNKNOWN','D5C3694D',59,'3106,9844,510,1556,510,540,486,532,510,524,510,1568,508,538,488,538,488,540,514,520,514,520,514,514,512,522,512,1566,510,542,482,544,482,528,506,1590,480,546,482,546,480,530,504,538,506,528,506,546,480,530,506,530,506,530,506,548,480,530,504'),('AIR_24','UNKNOWN','49D3A98A',59,'3160,9824,510,1542,508,554,508,520,524,528,510,1568,488,536,486,538,486,530,536,510,514,498,534,520,512,512,512,1540,510,542,484,526,508,528,506,1556,506,546,482,546,480,1564,506,546,480,554,480,546,482,546,482,554,482,554,480,554,480,1574,480'),('AIR_25','UNKNOWN','5CFD32E5',59,'3156,9812,510,1542,510,548,486,548,486,548,486,1568,510,538,488,538,488,546,488,540,514,498,536,498,536,522,512,1550,512,524,510,524,508,552,482,1572,482,554,480,1556,506,554,480,554,480,554,480,554,480,554,480,554,480,546,480,1590,480,554,480'),('AIR_26','UNKNOWN','78F15DA2',59,'3134,9860,514,1566,484,522,510,538,486,524,508,1556,508,538,488,524,536,498,534,512,514,512,514,522,512,524,510,1552,508,524,508,546,480,554,480,1582,480,528,506,1574,480,1590,480,546,480,554,482,546,480,554,480,554,480,554,480,1582,480,1582,480'),('AIR_27','UNKNOWN','FC3005AB',59,'3134,9828,510,1540,512,524,512,524,510,540,488,1560,510,526,510,524,536,498,538,512,514,514,514,522,512,522,512,1552,510,550,482,546,480,546,482,1556,506,1590,482,554,480,548,480,554,480,546,480,548,480,528,506,536,506,1582,480,546,482,528,506'),('AIR_28','UNKNOWN','59A32D28',59,'3136,9822,510,1532,510,540,486,540,486,540,488,1576,488,524,510,524,510,524,536,520,516,512,514,514,514,520,512,1550,512,524,510,542,482,546,482,1564,506,1574,480,554,482,1582,480,554,480,546,482,546,480,538,506,554,482,1582,482,546,482,1582,480'),('AIR_29','UNKNOWN','342DA0C3',59,'3134,9834,510,1542,510,532,510,548,486,548,486,1568,510,532,510,526,510,524,536,514,514,514,514,522,512,522,512,1550,510,550,484,544,482,546,480,1556,506,1590,480,1582,480,530,506,528,506,546,480,536,506,554,480,530,506,1566,506,1590,480,546,482'),('AIR_30','UNKNOWN','5021CB80',59,'3134,9830,512,1570,486,526,510,540,486,526,510,1560,510,540,486,526,510,524,538,512,516,512,514,520,514,520,512,1552,510,522,510,542,482,552,482,1582,482,1564,506,1574,480,1574,480,554,482,546,480,554,480,554,482,554,480,1582,482,1580,482,1590,482'),('AIR_POW_OFF','UNKNOWN','B288E94A',59,'3134,9818,532,1548,512,548,486,548,488,538,488,1582,488,546,488,538,488,546,514,514,514,498,536,514,514,522,512,516,510,524,508,526,508,528,508,546,482,528,506,1572,506,1574,480,546,482,528,506,548,480,528,506,546,482,528,506,1574,480,1564,506'),('AIR_POW_ON','UNKNOWN','B288E94A',59,'3158,9804,534,1570,486,542,486,524,510,534,510,1568,510,532,512,538,488,546,488,540,514,512,488,534,536,522,514,514,512,516,510,542,482,536,508,546,482,528,506,1566,506,1564,506,528,506,554,480,546,482,554,480,554,482,554,480,1574,506,1582,480'),('IPTV_0','NEC','1FE04FB',67,'8984,4460,596,530,594,534,590,560,564,562,566,562,564,562,564,562,564,1690,562,1690,564,1690,564,1690,564,1690,564,1690,564,1688,564,1690,564,562,564,562,564,562,562,562,564,562,564,562,564,1690,564,562,564,562,564,1690,564,1690,562,1690,564,1690,562,1690,564,564,562,1690,562,1692,564'),('IPTV_1','NEC','1FE847B',67,'8978,4458,592,534,592,558,566,562,564,562,564,562,564,562,564,562,562,1688,564,1688,564,1690,562,1690,562,1690,564,1688,562,1690,564,1690,562,564,562,1690,562,562,562,564,562,564,562,562,562,1690,562,562,562,564,562,564,562,1690,562,1690,562,1690,562,1690,562,564,562,1688,562,1690,562'),('IPTV_2','NEC','1FE44BB',67,'8984,4464,590,560,566,560,564,562,564,562,564,562,564,564,564,562,564,1690,564,1690,564,1690,564,1690,564,1690,564,1690,564,1690,564,1690,564,564,562,564,564,1690,564,562,564,564,564,562,564,1690,564,564,562,564,562,1690,564,562,564,1690,562,1690,562,1692,562,564,564,1690,562,1690,562'),('IPTV_3','NEC','1FEC43B',67,'8986,4458,594,532,592,536,590,560,564,562,564,562,564,562,564,562,564,1692,562,1690,564,1690,564,1690,564,1690,564,1690,562,1690,564,1690,562,564,564,1690,562,1690,564,562,562,564,564,562,564,1690,564,562,564,562,564,562,564,562,564,1690,564,1690,562,1690,562,562,562,1692,562,1692,562'),('IPTV_4','NEC','1FE24DB',67,'8978,4456,594,532,592,558,566,560,564,562,564,562,564,562,564,562,562,1690,562,1690,564,1690,564,1690,562,1690,564,1690,564,1690,564,1690,564,564,564,564,562,564,564,1690,562,564,564,564,564,1690,564,562,564,564,562,1690,564,1690,564,562,564,1690,564,1690,562,564,562,1692,562,1690,562'),('IPTV_5','NEC','1FEA45B',67,'8982,4458,594,532,592,558,566,560,564,562,564,562,564,562,564,562,564,1690,564,1688,564,1690,564,1688,564,1690,564,1690,562,1688,564,1688,564,562,562,1690,562,564,562,1690,564,562,562,562,564,1690,562,564,562,564,562,564,564,1688,564,562,564,1690,562,1690,564,564,562,1692,562,1692,562'),('IPTV_6','NEC','1FE649B',67,'8988,4458,596,530,594,532,592,558,566,562,564,562,564,562,564,562,564,1690,564,1690,564,1690,564,1690,564,1690,562,1690,564,1690,564,1690,564,562,564,564,564,1690,564,1690,564,562,564,562,564,1690,562,564,562,564,564,1690,562,564,562,564,562,1692,562,1690,562,564,562,1690,562,1692,562'),('IPTV_7','NEC','1FEE41B',67,'8984,4460,594,534,590,560,564,562,564,562,564,562,564,562,564,562,562,1690,564,1690,564,1690,562,1690,564,1690,562,1692,564,1690,564,1692,562,564,564,1692,562,1692,564,1692,564,564,562,564,562,1692,562,564,562,564,564,564,562,564,562,564,564,1690,562,1692,562,564,562,1692,562,1692,562'),('IPTV_8','NEC','1FE14EB',67,'8986,4460,596,532,594,558,568,560,564,564,564,562,566,562,564,562,564,1690,564,1690,564,1690,564,1690,564,1690,564,1690,564,1690,562,1690,564,562,564,562,564,564,564,562,564,1690,564,564,564,1690,564,562,564,564,562,1690,562,1690,562,1690,562,562,564,1690,562,564,564,1692,562,1692,562'),('IPTV_9','NEC','1FE946B',67,'8988,4462,596,532,592,560,564,562,564,562,564,564,564,564,564,562,564,1690,564,1690,564,1690,562,1690,564,1690,564,1690,564,1690,562,1690,562,564,562,1690,564,562,564,564,562,1690,562,564,562,1690,564,562,562,564,564,564,562,1690,562,1690,562,564,562,1690,564,564,562,1692,562,1690,562'),('IPTV_CH_DOWN','NEC','1FE827D',67,'8984,4460,592,558,568,558,564,564,564,562,564,562,564,564,564,562,564,1690,564,1690,564,1690,564,1690,564,1690,564,1690,564,1692,562,1690,564,564,562,1690,562,564,562,564,562,564,562,564,562,564,564,1690,562,564,562,564,562,1690,562,1690,564,1690,562,1692,562,1690,562,564,562,1690,562'),('IPTV_CH_UP','NEC','1FE02FD',67,'8990,4460,598,528,594,534,590,560,566,562,564,562,564,562,564,562,564,1690,564,1690,564,1690,564,1690,564,1690,564,1690,564,1690,564,1690,564,562,564,562,564,562,564,564,564,564,564,562,564,562,564,1692,564,564,562,1690,568,1692,562,1690,564,1692,564,1690,564,1692,562,564,564,1692,564'),('IPTV_MUTE','NEC','1FEFF00',67,'8984,4494,564,564,564,562,564,564,564,562,564,564,564,562,564,564,564,1690,564,1690,564,1692,564,1690,564,1692,562,1692,564,1692,562,1692,564,562,564,1690,564,1692,562,1692,564,1692,562,1690,564,1692,562,1690,562,1692,564,564,562,564,562,566,562,564,562,564,562,564,562,566,562,564,562'),('IPTV_POWER','NEC','1FE807F',67,'8990,4462,594,534,592,558,566,562,564,564,564,564,564,564,564,562,564,1692,564,1692,564,1690,564,1690,564,1692,564,1690,564,1692,562,1692,564,564,564,1690,564,564,564,564,562,564,564,564,564,564,562,564,564,562,564,564,564,1690,564,1692,562,1692,562,1692,562,1692,562,1692,562,1692,562'),('IPTV_VOL_DOWN','NEC','1FEC23D',67,'8986,4458,594,532,592,558,566,560,564,562,564,562,564,564,564,562,564,1690,564,1690,564,1690,564,1690,564,1690,564,1690,564,1690,564,1692,564,564,564,1690,564,1690,564,562,564,562,564,564,564,564,562,1690,564,562,564,564,562,564,562,1690,562,1690,562,1690,562,1690,562,564,562,1690,562'),('IPTV_VOL_UP','NEC','1FEC23D',67,'8986,4458,594,532,592,558,566,560,564,562,564,562,564,564,564,562,564,1690,564,1690,564,1690,564,1690,564,1690,564,1690,564,1690,564,1692,564,564,564,1690,564,1690,564,562,564,562,564,564,564,564,562,1690,564,562,564,564,562,564,562,1690,562,1690,562,1690,562,1690,562,564,562,1690,562'),('TV_0','NEC','20DF08F7',67,'9054,4544,580,550,576,578,548,1710,544,584,542,586,542,586,542,586,542,586,542,1714,542,1714,542,586,540,1716,542,1714,542,1716,540,1716,540,1716,540,586,542,586,542,586,540,588,540,1716,540,588,540,588,540,588,540,1716,538,1718,540,1718,540,1716,540,588,540,1718,538,1718,538,1718,538'),('TV_1','NEC','20DF8877',67,'9058,4544,578,550,574,578,548,1710,544,586,542,586,542,586,542,586,542,586,542,1714,542,1714,542,586,542,1714,542,1714,542,1714,542,1714,542,1714,542,1716,542,586,542,586,542,586,542,1714,542,586,542,588,540,588,540,588,540,1716,540,1716,542,1716,540,588,540,1716,540,1716,540,1716,540'),('TV_2','NEC','20DF48B7',67,'9060,4544,580,552,574,578,548,1710,542,586,542,586,542,586,542,586,542,586,542,1716,540,1716,540,586,542,1714,542,1716,540,1716,542,1716,540,1716,542,586,540,1718,540,588,540,588,540,1716,540,588,540,588,540,588,540,1716,540,590,540,1716,540,1740,516,612,516,1742,514,1742,514,1742,516'),('TV_3','NEC','20DFC837',67,'9064,4540,582,546,578,576,550,1708,546,610,516,612,516,612,516,612,516,612,516,1740,516,1740,516,612,516,1740,516,1740,516,1742,514,1742,516,1740,516,1742,516,1740,516,612,516,612,516,1742,516,612,516,612,516,612,516,612,516,614,514,1742,514,1742,490,638,516,1742,514,1744,490,1766,514'),('TV_4','NEC','20DF28D7',67,'9082,4544,552,576,550,580,546,1712,542,610,518,610,516,612,518,610,516,610,518,1740,516,1740,516,612,516,1740,516,1740,516,1740,516,1740,516,1740,516,612,516,612,516,1740,516,612,516,1740,516,612,516,612,516,610,516,1740,516,1740,516,612,516,1740,516,612,516,1742,516,1740,516,1740,516'),('TV_5','NEC','20DFA857',67,'9058,4540,582,546,580,574,550,1706,548,582,544,586,540,612,516,612,516,612,516,1740,516,1740,516,612,516,1740,516,1742,516,1740,516,1740,514,1742,514,1742,516,612,516,1742,514,614,514,1742,516,612,514,614,514,614,514,614,514,1742,514,614,490,1766,490,638,490,1766,490,1766,490,1766,490'),('TV_6','NEC','20DF6897',67,'9058,4540,584,546,580,548,576,1706,548,580,546,610,518,610,516,612,516,612,516,1740,516,1740,516,610,516,1740,516,1740,516,1740,516,1740,516,1740,516,612,518,1738,516,1740,516,610,516,1740,516,612,516,612,516,612,516,1740,516,612,516,612,516,1740,516,612,516,1742,516,1742,514,1742,514'),('TV_7','NEC','20DFE817',67,'9080,4548,550,578,546,584,542,1740,516,612,516,612,516,612,516,612,518,610,516,1740,516,1740,516,612,516,1740,516,1740,516,1740,516,1740,516,1742,516,1740,516,1740,518,1716,540,586,542,1714,542,586,542,586,544,586,542,586,542,586,542,586,542,1716,540,588,540,1716,542,1714,542,1714,542'),('TV_8','NEC','20DF18E7',67,'9078,4546,552,576,552,578,548,1710,542,610,518,610,516,612,516,610,516,612,516,1740,516,1740,516,610,516,1740,516,1740,516,1740,516,1740,516,1740,516,612,516,612,516,612,516,1740,516,1740,516,612,516,612,516,612,516,1740,516,1740,516,1742,514,612,516,612,516,1742,516,1740,514,1742,514'),('TV_9','NEC','20DF9867',67,'9052,4542,582,548,578,578,548,1708,544,584,544,584,542,586,542,586,542,586,542,1714,542,1714,542,586,542,1714,542,1714,542,1714,542,1714,542,1716,542,1714,542,586,542,586,542,1714,542,1714,542,588,542,586,542,586,542,586,540,1716,542,1716,542,586,540,588,540,1716,540,1716,540,1716,540'),('TV_CH_DOWN','NEC','20DF807F',67,'9054,4542,584,546,578,550,576,1706,548,582,544,586,542,586,542,586,542,586,542,1714,542,1714,542,586,542,1714,542,1714,542,1714,542,1714,542,1714,542,1714,542,586,542,586,542,586,542,586,542,588,540,588,540,588,540,588,540,1716,540,1716,540,1716,540,1716,540,1716,540,1716,540,1716,540'),('TV_CH_UP','NEC','20DF00FF',67,'9054,4544,580,550,574,578,546,1710,542,586,542,586,542,586,540,586,542,584,542,1714,542,1716,542,586,540,1716,542,1714,542,1716,540,1716,542,1714,542,586,540,588,540,588,540,588,540,612,516,612,516,612,516,612,516,1742,514,1740,516,1742,514,1742,516,1740,514,1742,514,1742,514,1742,514'),('TV_POWER','NEC','20DF10EF',67,'9062,4542,582,548,578,578,548,1708,544,584,544,586,544,584,542,586,542,586,544,1714,542,1714,542,586,542,1714,542,1716,542,1714,542,1716,542,1714,542,586,542,588,542,586,542,1740,516,612,516,612,516,612,516,612,516,1740,516,1742,516,1742,516,612,516,1742,516,1742,516,1742,516,1740,516'),('TV_SEL_SRC','NEC','20DFD02F',67,'9054,4540,582,546,578,552,574,1708,546,582,544,586,544,584,542,586,542,586,542,1714,542,1714,542,586,542,1714,542,1714,542,1714,540,1716,540,1714,542,1714,542,1714,540,588,540,1716,540,588,540,586,540,588,540,588,540,586,540,588,540,1716,540,588,538,1718,538,1740,516,1740,516,1740,516'),('TV_VOL_DOWN','NEC','20DFC03F',67,'9054,4542,582,548,578,552,572,1708,546,582,544,586,542,586,542,586,542,586,542,1714,542,1716,542,586,542,1714,542,1716,540,1716,540,1716,540,1716,542,1714,540,1716,540,588,540,588,540,588,540,588,540,588,540,588,540,588,540,588,538,1718,540,1716,540,1718,538,1742,516,1740,514,1742,514'),('TV_VOL_UP','NEC','20DF40BF',67,'9054,4544,578,552,574,578,548,1710,544,584,542,586,542,586,542,584,542,586,542,1714,542,1714,542,586,542,1716,542,1714,542,1716,542,1716,540,1716,540,586,542,1716,540,588,540,586,542,586,542,586,540,588,540,588,540,1716,540,588,540,1716,540,1716,540,1718,538,1718,540,1716,540,1742,514'),('W_OFF','NEC','FFE21D',67,'67|9218,4514,612,534,612,536,610,540,606,542,602,568,578,570,574,572,574,570,574,1686,574,1688,574,1688,574,1688,574,1688,574,1688,574,1686,574,1688,574,1686,576,1686,576,1688,576,572,576,574,576,572,576,1686,576,572,574,572,574,572,576,570,576,1686,574,1688,572,1688,572,572,572,1686,572'),('W_ON','NEC','FFA25D',67,'9162,4540,616,530,618,530,616,532,614,534,610,540,604,568,576,572,572,572,574,1688,574,1688,574,1688,574,1688,574,1688,574,1688,574,1690,572,1690,574,1688,574,574,574,1690,572,576,572,576,572,600,546,1716,546,600,546,602,546,1714,546,600,546,1716,520,1740,520,1740,520,624,520,1740,520'),('W_ROT','NEC','FF38C7',67,'9118,4542,582,558,610,532,612,532,606,534,606,538,600,566,572,570,570,572,568,1688,568,1688,568,1688,568,1688,568,1688,568,1714,542,1714,542,1714,542,600,542,600,542,1714,542,1714,542,1714,540,600,542,600,540,600,518,1738,518,1738,540,600,542,600,518,624,516,1740,516,1738,518,1738,542'),('W_TIME','NEC','FF9867',67,'9136,4540,610,532,612,530,610,532,608,534,606,538,600,566,574,570,570,572,568,1688,570,1688,570,1688,570,1688,570,1688,568,1688,570,1688,568,1688,568,1690,568,574,568,574,568,1690,568,1688,568,574,568,574,568,574,566,576,566,1690,566,1690,566,574,568,574,568,1690,566,1690,568,1690,566'),('W_TYPE','NEC','FF02FD',67,'9248,4512,614,530,614,530,614,532,610,536,606,564,578,568,574,572,572,572,572,1688,572,1688,572,1688,572,1688,572,1690,570,1690,570,1690,572,1690,570,574,572,574,572,574,570,574,572,574,570,574,570,1690,570,574,570,1690,570,1690,570,1690,570,1690,570,1692,568,1692,570,574,570,1690,570');
/*!40000 ALTER TABLE `ir_raw` ENABLE KEYS */;
UNLOCK TABLES;

--
-- Table structure for table `sequence`
--

DROP TABLE IF EXISTS `sequence`;
/*!40101 SET @saved_cs_client     = @@character_set_client */;
/*!40101 SET character_set_client = utf8 */;
CREATE TABLE `sequence` (
  `sequence_name` varchar(100) NOT NULL,
  `sequence_increment` int(11) unsigned NOT NULL DEFAULT '1',
  `sequence_min_value` bigint(20) unsigned NOT NULL DEFAULT '1',
  `sequence_max_value` bigint(20) unsigned NOT NULL DEFAULT '18446744073709551615',
  `sequence_cur_value` bigint(20) unsigned DEFAULT '1',
  PRIMARY KEY (`sequence_name`)
) ENGINE=InnoDB DEFAULT CHARSET=utf8;
/*!40101 SET character_set_client = @saved_cs_client */;

--
-- Dumping data for table `sequence`
--

LOCK TABLES `sequence` WRITE;
/*!40000 ALTER TABLE `sequence` DISABLE KEYS */;
/*!40000 ALTER TABLE `sequence` ENABLE KEYS */;
UNLOCK TABLES;

--
-- Table structure for table `songs`
--

DROP TABLE IF EXISTS `songs`;
/*!40101 SET @saved_cs_client     = @@character_set_client */;
/*!40101 SET character_set_client = utf8 */;
CREATE TABLE `songs` (
  `id` int(11) NOT NULL,
  `fname` varchar(255) NOT NULL COMMENT '파일명',
  `title` varchar(1024) DEFAULT NULL COMMENT '노래 제목',
  `artist` varchar(1024) DEFAULT NULL COMMENT '아티스트',
  `album` varchar(1024) DEFAULT NULL COMMENT '앨범',
  `genre` varchar(255) DEFAULT NULL COMMENT '장르',
  `type` varchar(255) DEFAULT NULL COMMENT '음원 타입(mp3, flac)',
  PRIMARY KEY (`id`),
  KEY `TLT_IDX` (`title`(255)),
  KEY `ART_IDX` (`artist`(255)),
  KEY `ALB_IDX` (`album`(255)),
  KEY `GNR_IDX` (`genre`)
) ENGINE=InnoDB DEFAULT CHARSET=utf8 COMMENT='음악 스트리밍 서비스';
/*!40101 SET character_set_client = @saved_cs_client */;

--
-- Dumping data for table `songs`
--

LOCK TABLES `songs` WRITE;
/*!40000 ALTER TABLE `songs` DISABLE KEYS */;
/*!40000 ALTER TABLE `songs` ENABLE KEYS */;
UNLOCK TABLES;
/*!40103 SET TIME_ZONE=@OLD_TIME_ZONE */;

/*!40101 SET SQL_MODE=@OLD_SQL_MODE */;
/*!40014 SET FOREIGN_KEY_CHECKS=@OLD_FOREIGN_KEY_CHECKS */;
/*!40014 SET UNIQUE_CHECKS=@OLD_UNIQUE_CHECKS */;
/*!40101 SET CHARACTER_SET_CLIENT=@OLD_CHARACTER_SET_CLIENT */;
/*!40101 SET CHARACTER_SET_RESULTS=@OLD_CHARACTER_SET_RESULTS */;
/*!40101 SET COLLATION_CONNECTION=@OLD_COLLATION_CONNECTION */;
/*!40111 SET SQL_NOTES=@OLD_SQL_NOTES */;

-- Dump completed on 2018-02-26 22:52:39
